Id,Kind,DisplayName,WebsiteDomain,WhyPublic,Intel
"39028","Vendor","Encore Global Events (Canada) ULC","sd44.ca","held by SD44 North Vancouver School District","16"
"72211","Client","Provincial Health Services Authority (PHSA)","www2.gov.bc.ca","public suffix","8"
"54997","Developer","Petroglyph Development Group","snuneymuxw.ca","held by Snuneymuxw First Nation","7"
"38947","Developer","La Caisse (CDPQ)","ivanhoecambridge.com","held by Ivanhoé Cambridge","6"
"54118","Developer","Canada Lands Company Ltd.","twnation.ca","held by Tsleil-Waututh Nation | Tsleil-Waututh Nation — Economic Development","6"
"55016","Developer","Musqueam + Tsleil-Waututh + Aquilini Development","bellevuewa.gov","public suffix","6"
"68805","Developer","ICE District","majorprojects.alberta.ca","public suffix","6"
"39073","Vendor","ABC Life Literacy Canada","sd73.bc.ca","held by SD73 Kamloops-Thompson School District | School District 73 Kamloops/Thompson | Kamloops-Thompson School District No. 73 (SD73)","5"
"54074","Developer","Highland Valley Copper Corporation","golden.ca","held by Town of Golden","4"
"54101","Developer","Independent Academies Canada Inc.","okib.ca","held by Okanagan Indian Band (OKIB)","4"
"55001","Developer","Tsuma-as Housing Society","tseshaht.com","held by Tseshaht First Nation","4"
"55072","Developer","Canderel Management Inc.","ci.eureka.ca.gov","public suffix","4"
"54067","Developer","Chris Clement Group","ecuad.ca","held by Emily Carr University of Art and Design","3"
"54108","Developer","Lantzville Foothills Estates Inc","www2.gov.bc.ca","public suffix","3"
"54917","Developer","W5 Arbutus Holdings Ltd.","kennewick-wa.gov","public suffix","3"
"55065","Developer","Keltic Development","elmonteca.gov","public suffix","3"
"55095","Developer","104 Avenue and Whalley Development LP","hermosabeach.gov","public suffix","3"
"55105","Developer","Fast + Solterra Development","hpca.gov","public suffix","3"
"54075","Developer","CanCorp Properties Ltd.","rdn.bc.ca","held by Regional District of Nanaimo","2"
"54102","Developer","Dokie Wind Energy Inc.","rdos.bc.ca","held by Regional District of Okanagan Similkameen","2"
"54109","Developer","Westscapes Developments","qualicumbeach.com","held by Blind Bogey Drive, Qualicum Beach (Qualicum Beach (Town)) | Contract Admin & Project Management (Qualicum Beach (Town)) | Little Qualicum River Erosion Protection (Qualicum Beach (Town)) | Qualicum Beach (Town) | Street Line Painting (Qualicum Beach (Town)) | Town of Qualicum Beach","2"
"54117","Developer","Hills Health and Guest Ranch Ltd.","trail.ca","held by City of Trail","2"
"54955","Client","BC Ministry of Health","www2.gov.bc.ca","public suffix","2"
"54986","Developer","Takaya Developments Ltd.","twnation.ca","held by Tsleil-Waututh Nation | Tsleil-Waututh Nation — Economic Development","2"
"54999","Developer","Yos Economic Development","malahatnation.com","held by Malahat Nation","2"
"55073","Developer","Southgate Village Homes Ltd.","everettwa.gov","public suffix","2"
"55074","Developer","Southgate City Homes Ltd.","fifewa.gov","public suffix","2"
"55080","Developer","GSR Telford Development LP","glendaleca.gov","public suffix","2"
"55088","Developer","Moody Centre TOD partnership","parks.canada.ca","public suffix","2"
"55101","Developer","Huacheng Holdings","honolulu.gov","public suffix","2"
"55116","Developer","Villa Capri Enterprises","kingcounty.gov","public suffix","2"
"39006","Vendor","A.C. Consulting Solutions Inc.","ladysmith.ca","held by Town of Ladysmith","1"
"39021","Vendor","ConversArt","nelson.ca","held by City of Nelson","1"
"39026","Vendor","Neil Squire Society","cnv.org","held by City of North Vancouver","1"
"39029","Vendor","Converge Accessibilty LLC","northernhealth.ca","held by University Hospital of Northern British Columbia (UHNBC) | Northern Health Authority","1"
"39034","Vendor","Canadian Hearing Services","parksville.ca","held by City of Parksville","1"
"39043","Vendor","Plain Language Wizardry","powellriver.ca","held by City of Powell River","1"
"39044","Vendor","Cominar","princerupert.ca","held by City of Prince Rupert","1"
"39046","Vendor","Canadian Association of the Deaf","canada.ca","public suffix","1"
"39051","Vendor","IT/Net-Ottawa Inc, KPMG LLP in Joint Venture","saanich.ca","held by Corporation of the District of Saanich | District of Saanich","1"
"39063","Vendor","Scribewire Inc.","sd53.bc.ca","held by SD53 Okanagan Similkameen School District","1"
"39000","Developer","Eliquo Training & Development Inc.","kelowna.ca","held by City of Kelowna | Kelowna City | City of Kelowna – Downtown Waterfront Hotel Site","0"
"39042","Developer","(E) Canadian Accessiblity Standards Development Organization","portmoody.ca","held by City of Port Moody","0"
"53741","Developer","NOVA Gas Transmission Ltd.","tcenergy.com","held by TransCanada Corp.","0"
"54054","Developer","Songhees Creek Hydro Inc.","kelowna.ca","held by City of Kelowna | Kelowna City | City of Kelowna – Downtown Waterfront Hotel Site","0"
"54057","Developer","Purcell Green Power Inc.","colwood.ca","held by City of Colwood","0"
"54062","Developer","Pan Pacific Aggregates Ltd.","northernhealth.ca","held by University Hospital of Northern British Columbia (UHNBC) | Northern Health Authority","0"
"54063","Developer","Mount Baldy Ski Corporation","dcc-cdc.gc.ca","public suffix","0"
"54070","Developer","Yrainucep Development Corp.","fortisbc.com","held by Fortis BC Inc.","0"
"54095","Developer","Glacier Aggregates Inc.","mapleridge.ca","held by City of Maple Ridge","0"
"54097","Developer","Pridham Development Inc.","mission.ca","held by District of Mission | City of Mission","0"
"54103","Developer","Paul Gaskin","pne.ca","held by Pacific National Exhibition","0"
"54104","Developer","Westhills Land Corp.","pemberton.ca","held by Village of Pemberton","0"
"54107","Developer","Newmark Group","www2.gov.bc.ca","public suffix","0"
"54113","Developer","Sequoia Springs","sidney.ca","held by Town of Sidney","0"
"54115","Developer","Forsite Developments","squamish.ca","held by District of Squamish","0"
"55018","Developer","Nch'ḵay̓ West (Nch'ḵay̓ Development Corp + OPTrust)","campbellriver.ca","held by City of Campbell River","0"
"55021","Developer","Musqueam Capital Corporation + Polygon Homes","invermere.net","held by District of Invermere","0"
"55033","Developer","AgeCare","nlsd.ab.ca","held by Northern Lights School Division","0"
"55091","Developer","YuanHeng Development (City to own on completion)","hayward-ca.gov","public suffix","0"
"55113","Developer","Five Mile Holdings","kelowna.ca","held by City of Kelowna | Kelowna City | City of Kelowna – Downtown Waterfront Hotel Site","0"
"68721","Developer","owner (confirm)","albertahealthservices.ca","held by Alberta Health Services | Jadecor Developments Ltd. (for Alberta Health Services)","0"
"68728","Developer","developer (confirm)","csf.bc.ca","held by SD93 Conseil Scolaire Francophone","0"
"68823","Developer","Beacon","comox.ca","held by Town of Comox","0"
"70768","Developer","Greater Victoria Coalition to End Homelessness","aryze.ca","held by Aryze Development","0"
"77820","Developer","Lake Country Highway 97 Hotel + Residential (unnamed developer)","castanet.net","held by City of Vernon — RCMP Detachment Modernization","0"
"77895","GC","SkyLink Guideway Partners (Dragados / Ledcor / Systra)","surreylangleyskytrain.gov.bc.ca","public suffix","0"
"77898","GC","Bow Transit Connectors (Barnard / Flatiron / WSP / EllisDon Capital)","calgary.ca","held by City of Calgary | Calgary Sports & Entertainment Corp | City of Calgary — Green Line LRT Program","0"
