ProjectName,Developer,Architect,SE_or_OPEN,Units,Metro,Stage,SourceReport,Confidence
Simone Little Italy (1401 Union St),Trammell Crow Residential,JWDA,KOR,395,SD,DELIVERED (2024 ACI award),sd-ecosystem-deep,HIGH
6th & Olive,Greystar,JWDA,KOR,,SD,DELIVERED,sd-ecosystem-deep,HIGH
800 Broadway,CA Ventures,JWDA,KOR,389,SD,DELIVERED 2025,sd-ecosystem-deep,HIGH
The Lindley,Toll Brothers / PGIM,JWDA,OPEN (KOR unconfirmed — SE not publicly stated),422,SD,DELIVERED Mar 2025,sd-ecosystem-deep,HIGH
6th & Palm (Bankers Hill),Greystar / Ascentris / Palm Properties,JWDA,OPEN (likely KOR — verify via permit),214,SD,Under construction ~2028,sd-ecosystem-deep,HIGH
Accolade Campanile (SDSU),Greystar / Kanden / Tokyo Tatemono,JWDA,OPEN,310,SD,Under construction ~2028,sd-ecosystem-deep,HIGH
Amara Bay (Chula Vista Bayfront),Pacifica Companies,AVRP Studios,OPEN — SE not awarded,1500,SD,Public improvements groundbreaking; 7 towers SE TBD,sd-ecosystem-deep,HIGH
The Becker (Riverwalk),Wakeland Housing,MVE + Partners,OPEN,190,SD,Under construction ~2027,sd-ecosystem-deep,HIGH
Midway Rising,Zephyr / Chelsea / Legends / Kroenke,Safdie Rabines,OPEN (BWE rumored),4000,SD,Planning approved Sept 2025; pre-construction,sd-ecosystem-deep,HIGH
Bayview,Zephyr Partners,Safdie Rabines,OPEN,,SD,Pre-design / early SD,sd-ecosystem-deep,HIGH
11th & Broadway,Pinnacle International,Martinez + Cutri,Glotman Simpson,623,SD,Under construction (31+32-story),sd-ecosystem-deep,HIGH
First & Island,Bosa Development,TBD,OPEN,172,SD,Permits filed 2025; pre-construction,sd-ecosystem-deep,HIGH
Stella (North Park),Murfey Company,Studio E,OPEN (KOR incumbent developer),149,SD,Under construction 2025-2027,sd-ecosystem-deep,HIGH
Riverwalk Phase 1 (721 units),Hines / USAA RE,Gensler SD,Miyamoto International,721,SD,Under construction 2025-,sd-ecosystem-deep,HIGH
Riverwalk Phase 2+ ($4B 4300u total),Hines / USAA RE,Gensler SD,OPEN (14+ phases remaining),,SD,Phase 1 under way; 14+ phases remaining,sd-ecosystem-deep,HIGH
SDSU Mission Valley Chelsea,Chelsea Investment,JWDA,OPEN,126,SD,Groundbreaking May 2026,sd-ecosystem-deep,HIGH
Harrington Heights (East Village),Chelsea Investment,JWDA,Burkett & Wong,273,SD,DELIVERED Oct 2025,sd-ecosystem-deep,HIGH
The Preserve at Torrey Highlands,Cisterra Development,,KPFF (historical),450000 sqft office,SD,Active portfolio commercial,sd-ecosystem-deep,HIGH
820 Olive,Onni Group,Chris Dikeakos Architects,OPEN (unconfirmed),516,LA,DELIVERED 2019,la-ecosystem-deep,HIGH
The Beaudry (960 W 7th),Brookfield Properties,Marmol Radziner + LARGE Architecture,MKA,785,LA,DELIVERED 2023,la-ecosystem-deep,HIGH
Figueroa Eight (744 S Figueroa),Mitsui Fudosan America,Johnson Fain,OPEN,438,LA,DELIVERED 2024,la-ecosystem-deep,HIGH
Olympic + Hill (1000 S Hill),Onni Group,IBI Group (AOR),OPEN,685,LA,DELIVERED 2025,la-ecosystem-deep,HIGH
Alloy (520 S Mateo Arts District),Carmel Partners,WPA / SCB,WSP,475,LA,DELIVERED 2024/2025,la-ecosystem-deep,HIGH
LA City Center (11th+Figueroa),Hazens Group,Gensler,Saiful Bouquet,0,LA,Active (peer review approved; hotel+resi),la-ecosystem-deep,HIGH
One Beverly Hills,Crescent Heights (partnership),Norman Foster / Rios / Kerry Hill,Saiful Bouquet,,LA,Under construction (26+32-story),la-ecosystem-deep,HIGH
Habitat (3401 S La Cienega),Lendlease + Aware Super,SHoP Architects,OPEN,,LA,DELIVERED 2026,la-ecosystem-deep,HIGH
Century City Center,JMB Realty,Johnson Fain,Nabih Youssef,,LA,Topped out (37fl office),la-ecosystem-deep,HIGH
Onni DTLA 60-story,Onni Group,TBD,OPEN,780,LA,$240M loan secured Aug 2024; entitlement,la-ecosystem-deep,HIGH
Onni Mid-Wilshire (708 Cloverdale),Onni Group,,OPEN,419,LA,Proposed 45fl,la-ecosystem-deep,HIGH
Crescent Heights 11th+Olive,Crescent Heights,ODA (New York),OPEN,800,LA,Proposed 70fl,la-ecosystem-deep,HIGH
District NoHo (North Hollywood Station),Trammell Crow / High Street Residential,HKS + Gensler + KFA + RELM,OPEN,1481,LA,Final approval 2024; construction pending,la-ecosystem-deep,HIGH
Hartford Apartments (Westlake),Intergulf Development Group,,OPEN (SE not disclosed),218,LA,DELIVERED 2024,la-ecosystem-deep,HIGH
The Parker,Cityview,AC Martin,Labib Funk,,LA,Active,la-ecosystem-deep,HIGH
Row at Red Hill (Santa Ana),Greystar,AO Architects,OPEN (SE not publicly credited),1100,OC,DELIVERED Aug 2024,oc-ecosystem-deep;ca-woodframe-masstimber-map,HIGH
Bolsa Pacific (Westminster),Shopoff Realty,AO,OPEN,2250,OC,Groundbreaking April 2026,oc-ecosystem-deep,HIGH
Related Bristol (Santa Ana),Related California,RAMSA + Elkus Manfredi + RIOS,OPEN,3750,OC,Phase 1 structural procurement begins 2026,oc-ecosystem-deep,HIGH
Related Big Newport (twin towers),Related California,OPEN,OPEN,150,OC,Planning approved Mar 2026 (22-story condos),oc-ecosystem-deep,HIGH
OC Vibe Residential Phase III,H&S Ventures (Samueli),MVE + Partners,OPEN (procurement ~2027),1960,OC,Phase I entertainment/office under construction; resi ~2029,oc-ecosystem-deep,HIGH
Ritz-Carlton Residences Newport Beach,Lyon Living / Eagle Four Partners,MVE + Partners,Glotman Simpson,159,OC,Pre-construction / under way 2026 (22-story),oc-ecosystem-deep,HIGH
Jefferson Stadium Park Anaheim,JPI,AO,OPEN (PBA closed — successor TBD),1079,OC,Under construction 2024,oc-ecosystem-deep,HIGH
Avalon Aliso Viejo Town Center,AvalonBay Communities,TCA + C2 Collaborative,OPEN,362,OC,Groundbreaking targeted 2025,oc-ecosystem-deep,HIGH
Hive Live (Costa Mesa),Legacy Partners,AO,OPEN,1050,OC,Early design; Gold Nugget Grand Award 2025,oc-ecosystem-deep,HIGH
Euclid+Heil (Fountain Valley),Shopoff Realty,AO,OPEN,606,OC,Entitlement Jul 2025,oc-ecosystem-deep,HIGH
The Carina at MainPlace,Affinius Capital,OPEN,OPEN,408,OC,Under construction; completion Oct 2028,oc-ecosystem-deep,HIGH
Rafferty (Santa Ana),Toll Brothers Apartment Living,MVE + Partners,Englekirk/WSP,218,OC,DELIVERED Jul 2024,oc-ecosystem-deep,HIGH
Village Santa Ana,Hines + C.J. Segerstrom,Gensler + RIOS,OPEN,1583,OC,Entitlement ~2025; construction 2026+,oc-ecosystem-deep,HIGH
Halcyon House (Costa Mesa),Quarterra / KTGY,KTGY,NIC Consultants,393,OC,DELIVERED 2024,oc-ecosystem-deep,HIGH
Park & Paseo Santa Ana (Broadstone Atlas),Alliance Residential,AO,OPEN,1221,OC,Phases 1+2 open; Phase 3 completing 2025,oc-ecosystem-deep,HIGH
Irvine Co. Discovery Park,,MVE (probable),OPEN,1858,OC,Pre-design,oc-ecosystem-deep,HIGH
Irvine Co. UCI Research Park,,MVE,Glotman Simpson (confirmed),1200,OC,Pre-design,oc-ecosystem-deep;ca-woodframe-masstimber-map,HIGH
Irvine Co. Newport Center Block 100,,OPEN,OPEN,700,OC,Pre-design,oc-ecosystem-deep,HIGH
Irvine Co. Pacifica Place,,OPEN,OPEN,896,OC,Move-ins Jun 2026,oc-ecosystem-deep,HIGH
Irvine Co. 2518 Mission College Blvd (Santa Clara),The Irvine Company,MVE (probable),OPEN,1792,Bay,Approved March 2025,norcal-ecosystem-deep,HIGH
Gateway Crossing NorCal (San Jose),Holland Partner Group,MVE + Partners,Nelson Structural + FBA Inc.,725,Bay,Under construction ($290M Phase 1),norcal-ecosystem-deep,HIGH
3896 Stevens Creek Blvd (San Jose),Holland Partner Group,TCA Architects,OPEN,540,Bay,Renderings Mar 2025; pre-construction,norcal-ecosystem-deep,HIGH
2200 Calle de Luna (Santa Clara),Holland Partner Group,,OPEN,301,Bay,Pre-construction,norcal-ecosystem-deep,HIGH
Coyote Creek Village (North San Jose),Hanover Company,KTGY,OPEN,1140,Bay,Groundbreaking 2026; completion Q4 2027,norcal-ecosystem-deep,HIGH
The Tower at CityView (San Jose),Jay Paul Company,SCB,OPEN,360,Bay,Approved 2025; 27-story,norcal-ecosystem-deep,HIGH
CityView 320-unit office-to-resi (San Jose),Jay Paul Company,SCB,OPEN,320,Bay,Planning,norcal-ecosystem-deep,HIGH
Orchard Residences (San Jose),Westbank Corp,James K.M. Cheng + Steinberg Hart,Glotman Simpson,768,Bay,Approved Dec 2025 (28+27-story),norcal-ecosystem-deep,HIGH
Westbank San Jose additional tower,Westbank Corp,,OPEN,1147,Bay,Proposed,norcal-ecosystem-deep,HIGH
Marlowe Natomas (Sacramento),Greystar / PGIM,,OPEN,378,Sacramento,Breaking ground 2026,norcal-ecosystem-deep,HIGH
Hornet Place student housing (CSU Sacramento),Greystar JV,,OPEN,352,Sacramento,Active construction,norcal-ecosystem-deep,HIGH
30 Van Ness (SF),Lendlease,SCB,OPEN,468000 sqft,Bay,ON HOLD since Aug 2023; 47-story,norcal-ecosystem-deep,HIGH
Modera San Rafael,Mill Creek Residential,,OPEN,210,Bay,Under construction; move-ins 2028,norcal-ecosystem-deep,HIGH
Pier 70 mixed-use (SF Waterfront),Strada Investment Group,,OPEN,2150,Bay,Planning,norcal-ecosystem-deep,HIGH
Alexan Webster (Oakland),Trammell Crow / TCR,KTGY,OPEN,234,Bay,Under construction ($135M),norcal-ecosystem-deep,HIGH
VTA Capitol Station TOD (San Jose),MidPen Housing,,OPEN,203,Bay,Active construction,ca-institutional-public-pipeline,HIGH
Alexan Marmont (Monrovia),Trammell Crow,,OPEN,436,LA,DELIVERED 2024,la-ecosystem-deep,HIGH
UCSD Pepper Canyon East District,UC San Diego,Steinberg Hart + Studio Gang + Henning Larsen + BIG + HED,OPEN,6000,SD,Pre-design; Fall 2030 target,ca-institutional-public-pipeline,HIGH
UCLA 901 Levering,UC Los Angeles,,OPEN,1130,LA,Schematic design; site work summer 2026,ca-institutional-public-pipeline,HIGH
UCSB San Benito Student Housing,UC Santa Barbara,,OPEN,2140,,Construction begins June 2026,ca-institutional-public-pipeline,HIGH
1510 Webster St (Oakland),oWOW,oWOW,DCI Engineers,182,Bay,DELIVERED 2023 (19-story mass timber),ca-woodframe-masstimber-map,Confirmed
1523 Harrison St (Oakland),oWOW,oWOW,DCI Engineers,496,Bay,Planned; permit/approval; start ~2025 (28-story MPP),ca-woodframe-masstimber-map,Confirmed
McEvoy & Dupont Apartments (San Jose),First Community Housing,SERA Architects,Fast + Epp,365,Bay,Under construction (12-story CLT),ca-woodframe-masstimber-map,Confirmed
843 N Spring St (Los Angeles),Redcar Properties,Lever Architecture,Glotman Simpson,,LA,DELIVERED Aug 2024 (5-story CLT hybrid office),ca-woodframe-masstimber-map,Confirmed
SuperBungalows on Marathon (Silver Lake LA),SuperLA,SuperLA,OPEN,9,LA,DELIVERED 2024 (first CLT multifamily SoCal),ca-woodframe-masstimber-map,Confirmed
SuperBungalows on Hyperion (Silver Lake LA),SuperLA,SuperLA,OPEN,15,LA,Under construction,ca-woodframe-masstimber-map,Confirmed
DLT California Pilot (Oakland Ivy Hill),Team Projects,WRNS Studio,Forell+Elsesser,84,Bay,Design/research phase announced Apr 2026,ca-woodframe-masstimber-map,Confirmed
6344 Fountain (Hollywood),OPEN,West of West + House & Robertson,Glotman Simpson,,LA,DELIVERED (4-story CLT office first CLT diaphragm in LA),ca-woodframe-masstimber-map,Confirmed
42XX Marina del Rey campus,The Bradmore Group,Rios,,150000+ sqft office,LA,DELIVERED Oct 2024 (CLT hybrid 3 bldgs),ca-woodframe-masstimber-map,Confirmed
Grand Gateway West Sacramento,SKK Developments,,OPEN,332,Sacramento,Planning (332 apts + hotel + retail mixed-use),ca-secondary-submarkets,HIGH
840 Delta Lane (West Sacramento),,,OPEN,195,Sacramento,Planning (5-story market-rate),ca-secondary-submarkets,HIGH
Oceanside Blocks 5 and 20,,,OPEN,373,SD,CEQA filed; two-building mixed-use 17400 SF commercial,ca-secondary-submarkets,HIGH
North City (San Marcos),Rise Carmel LLC / Urban Villages San Marcos,,OPEN,3400,SD,Under construction (multi-phase 200 acres $2B),ca-secondary-submarkets,HIGH
Park Center at Seven Oaks (Bakersfield),Presidio Capital + Fuller Apt + Bolthouse,,,520,Statewide,Phase 1 (352u) groundbreak May 2025,ca-secondary-submarkets,HIGH
