JvId,DisplayName,WantedPrimary
53263,"ENMAX Energy Corp. / Capital Power Corp.","ENMAX Energy Corp."
53265,"Chinook Foundation/ Alberta Social Housing Corp.","Chinook Foundation"
53267,"Groupe Germain Hospitalite / Homes by Avi","Groupe Germain Hospitalite"
53380,"Alberta Seniors / Smoky Lake Foundation","Smoky Lake Foundation"
53421,"Town of Barrhead / County of Barrhead","Town of Barrhead"
53445,"Government of Alberta / Alberta Cancer Foundation","Alberta Cancer Foundation"
53538,"Parkland Foundation / The Bethany Group","Parkland Foundation"
53580,"MD of Greenview / Town of Valleyview","Town of Valleyview"
53707,"Steelhead LNG Corp./ Huu-ay-aht First Nations","Huu-ay-aht First Nations"
53720,"Enbridge/ Borealis Inc./ Kitselas First Nation","Kitselas First Nation"
53825,"Kiwanis Seniors Housing Society/ Polygon Homes","Kiwanis Seniors Housing Society"
53836,"Baptist Housing Society/ Vancouver Island Health Authority","Baptist Housing Society"
54279,"The Capital Region Hospital District (CRHD)/ Vancouver Island Health Authority","The Capital Region Hospital District (CRHD)"
54369,"BC Ministry of Transportation and Infrastructure / BC Transit","BC Transit"
54377,"BC Housing/ Catalyst Community Developments Society/  Shepherd of the Valley Lutheran Church","Catalyst Community Developments Society"
54402,"Wall Financial Corp./ BC Housing","Wall Financial Corp."
54403,"Ledingham McAllister/ BC Housing/ City of Burnaby","Ledingham McAllister"
54529,"Enbridge/ Borealis Geopower/ Kitselas First Nation","Kitselas First Nation"
54641,"Westbank Projects/ Squamish Nation","Squamish Nation"
54653,"Brightside Homes/ Wall Financial/ BC Housing","Brightside Homes"
54654,"BC Hydro/ BC Ministry of Transportation and Infrastructure","BC Hydro"
54655,"Vancouver Fraser Port Authority (VFPA)/ CP Rail","Vancouver Fraser Port Authority (VFPA)"
54663,"Catalyst Community Developments Society/ Vancouver Affordable Housing Agency (VAHA)","Catalyst Community Developments Society"
54705,"Concert Properties/ BC Housing","Concert Properties"
54714,"BC Housing/ Turning Points Collaborative Society (TPCS)","Turning Points Collaborative Society (TPCS)"
54715,"BC Housing/ City of Kamloops/ John Howard Society of the Thompson Region (JHSTR)","John Howard Society of the Thompson Region (JHSTR)"
54716,"BC Housing/ Lower Similkameen Community Services Society (LSCSS)","Lower Similkameen Community Services Society (LSCSS)"
54717,"BC Housing/ Options Community Services Society","Options Community Services Society"
54776,"BC Housing/ Hiyam Housing Society","Hiyam Housing Society"
54779,"BC Housing/ Vancouver Aboriginal Friendship Society (VAFCS)","Vancouver Aboriginal Friendship Society (VAFCS)"
54819,"Island Health Authority/ Capital Regional Hospital District","Island Health Authority"
54830,"BC Housing/ Lookout Health and Housing Society","Lookout Health and Housing Society"
54851,"Interior Health Authority/ Kootenay East Regional Hospital District","Interior Health Authority"
54876,"BC Housing/ Caliber Communities","Caliber Communities"
54878,"BC Housing/ Edgar Development and Orion Construction","BC Housing"
54881,"BC Housing/ Whistler Housing Authority","Whistler Housing Authority"
54888,"City of North Vancouver/ Catalyst Community Development Society","Catalyst Community Development Society"
55025,"SE-MI-AH-MU-ALE-LEN Housing Society + BC Housing","SE-MI-AH-MU-ALE-LEN Housing Society"
55027,"Westbank First Nation (lease) + private builder","Westbank First Nation"
55039,"Haisla Nation + Pembina Pipeline Corporation","Haisla Nation"
55040,"Lax Kw'alaams WAAP Housing Society + BC Housing","Lax Kw'alaams WAAP Housing Society"
55042,"Squiala First Nation + Property Development Group + League Assets","Squiala First Nation"
55118,"The Bloom Group / Nicholson Housing Society","The Bloom Group"
68783,"Calgary Municipal Land Corporation (CMLC) / Calgary Stampede","Calgary Municipal Land Corporation (CMLC)"
68785,"Calgary Sports & Entertainment Corp / City of Calgary / CMLC","Calgary Sports & Entertainment Corp"
69008,"UVic / Royal Roads University / Camosun College / JIBC","UVic"
69009,"District of Saanich / Greater Victoria Public Library","Greater Victoria Public Library"
69025,"District of New Hazelton / Regional District of Bulkley-Nechako","District of New Hazelton"
69029,"Pacific National Exhibition (PNE) / City of Vancouver","Pacific National Exhibition (PNE)"
69032,"Fraser Health / Infrastructure BC","Fraser Health"
69038,"BC Ministry of Transportation / BC Ferries","BC Ferries"
69041,"BC Housing / Our Place Society","Our Place Society"
69052,"Conseil scolaire francophone (SD 93) / Greater Victoria SD 61","Conseil scolaire francophone (SD 93)"
69060,"BC Housing / Chard Development Ltd.","Chard Development Ltd."
69180,"BC Housing / Aboriginal Coalition to End Homelessness","Aboriginal Coalition to End Homelessness"
69185,"Housing Okanagan Foundation / City of Kelowna","Housing Okanagan Foundation"
69230,"Royal BC Museum / Province of British Columbia","Royal BC Museum"
69252,"Kerkhoff Construction / North American Development Group","Kerkhoff Construction"
69259,"Great Gulf / Dream Unlimited","Great Gulf"
69267,"Partnerships BC / Ministry of Technology, Innovation and Citizens' Services","Ministry of Technology, Innovation and Citizens' Services"
69309,"Fraser Health / BC Cancer (PHSA)","Fraser Health"
69333,"Stryke Group / Tien Sher Group","Stryke Group"
69352,"Catalyst Community Developments / City of North Vancouver / BC Housing","Catalyst Community Developments"
69355,"Songhees Nation / Aryze Developments","Songhees Nation"
69358,"Tsuma-as Housing Society / Tseshaht First Nation","Tseshaht First Nation"
69359,"Tseshaht First Nation / Huu-ay-aht First Nations / Hupacasath First Nation","Tseshaht First Nation"
69360,"Tseshaht First Nation / Hupacasath First Nation / City of Port Alberni","Tseshaht First Nation"
69364,"Ntityix Development Corporation / Westbank First Nation","Westbank First Nation"
69365,"OKIB Group of Companies / Okanagan Indian Band","Okanagan Indian Band"
69366,"Penticton Indian Band / PIBDC","Penticton Indian Band"
69368,"Splatsin Development Corporation / Splatsin First Nation","Splatsin First Nation"
69372,"Kanaka Bar Indian Band / Lytton First Nation (joint)","Kanaka Bar Indian Band"
69373,"Nlaka'pamux Nation Tribal Council (NNTC) / BluEarth Renewables","Nlaka'pamux Nation Tribal Council (NNTC)"
69374,"Nch'ḵay̓ Development Corporation / Sḵwx̱wú7mesh Úxwumixw (Squamish Nation)","Sḵwx̱wú7mesh Úxwumixw (Squamish Nation)"
69377,"Squamish Nation / Hiy̓ám̓ ta Sḵwx̱wú7mesh Housing Society / Nch'ḵay̓","Squamish Nation"
69378,"Squamish Nation / Hiy̓ám̓ ta Sḵwx̱wú7mesh Housing Society","Squamish Nation"
69379,"Musqueam Capital Corporation / Musqueam Indian Band","Musqueam Indian Band"
69383,"Líl̓wat Business Group / Líl̓wat Nation","Líl̓wat Nation"
69384,"Líl̓wat Nation / Líl̓wat Business Group","Líl̓wat Nation"
69385,"Skidegate Band Council / Haida Nation","Skidegate Band Council"
69389,"Haisla Nation / Haisla Guxv Housing Society","Haisla Nation"
69390,"Gitxaała Nation / Prince Rupert Indigenous Housing Society","Gitxaała Nation"
69394,"Nak'azdli Development Corp / Deadwood Innovations","Nak'azdli Development Corp"
69397,"Tseshaht First Nation / Tsuma-as Housing Society","Tseshaht First Nation"
69575,"Fraser Health / BC Cancer","Fraser Health"
69584,"City of Vancouver / Vancouver Park Board","Vancouver Park Board"
69588,"Fraser Health / Province of BC","Fraser Health"
69596,"BC Housing / Pearson Dogwood Partnership","Pearson Dogwood Partnership"
69598,"BC Housing / Build Canada Homes","BC Housing"
69600,"Saanich Public Library / District of Saanich","Saanich Public Library"
69606,"City of Calgary / Calgary Sports and Entertainment","Calgary Sports & Entertainment Corp"
69788,"Holborn Group / TA Global","Holborn Group"
69990,"City of Duncan / Parkside Academy Child Care Society","City of Duncan"
69991,"School District 71 (Comox Valley) / BGC Central Vancouver Island","School District 71 (Comox Valley)"
70012,"Province of BC / Interior Health / Kaigo Senior Living","Kaigo Senior Living"
70013,"Tsilhqot'in National Government / Red Road Recovery","Tsilhqot'in National Government"
70017,"Canadian Mental Health Association – Kamloops / BC Housing","Canadian Mental Health Association – Kamloops"
70026,"Eyameth' Health Society / Sts'ailes Nation","Sts'ailes Nation"
70035,"BC Housing (Makola Housing Society operator; Snuneymuxw First Nation partnership)","BC Housing"
70038,"BC Housing / Snuneymuxw First Nation Youth and Family Society","Snuneymuxw First Nation Youth and Family Society"
70042,"Tseshaht First Nation / City of Port Alberni","Tseshaht First Nation"
70044,"BC Housing / Lookout Housing and Health Society","Lookout Housing and Health Society"
70050,"City of Vancouver / Vancouver Public Library","Vancouver Public Library"
70051,"Vancouver Public Library / City of Vancouver","Vancouver Public Library"
70060,"BC Housing / Ann Davis Transition Society","Ann Davis Transition Society"
70061,"New Vista Society / BC Housing","New Vista Society"
70064,"Port Moody Public Library / City of Port Moody","Port Moody Public Library"
70067,"Summit Community Services Society / Rocky Mountain School District (SD6)","Rocky Mountain School District (SD6)"
70069,"BC Children's Hospital / BC Children's Hospital Foundation","BC Children's Hospital"
70070,"Providence Living / Northern Health","Providence Living"
70072,"Community Land Trust / Co-operative Housing Federation of BC","Community Land Trust"
70091,"Vancouver School Board / Canada Lands Company","Vancouver School Board"
70095,"KPU / SFU / UFV Surrey","KPU"
70269,"Interior Health Authority / BC Cancer","Interior Health Authority"
70330,"Defence Construction Canada (DCC) / Department of National Defence","Department of National Defence"
70333,"Peninsula Recreation Commission / Municipality of Central Saanich","Peninsula Recreation Commission"
70338,"Turning Points Collaborative Society / BC Housing","Turning Points Collaborative Society"
70339,"Lu'ma Native Housing Society / BC Housing","Lu'ma Native Housing Society"
70341,"Lower Similkameen Community Services Society / BC Housing","Lower Similkameen Community Services Society"
70342,"South Skaha Housing Society / BC Housing","South Skaha Housing Society"
70343,"Canadian Mental Health Association – Shuswap/Revelstoke / BC Housing","Canadian Mental Health Association – Shuswap/Revelstoke"
70486,"Taholah School District / Quinault Indian Nation","Quinault Indian Nation"
70551,"CMHA Vernon / BC Housing","CMHA Vernon"
70554,"BC Housing / A Way Home Kamloops","A Way Home Kamloops"
70556,"Eagle Valley Senior Citizens Housing Society / BC Housing / District of Sicamous","Eagle Valley Senior Citizens Housing Society"
70568,"Okanagan Métis & Aboriginal Housing Society (OMAHS) / BC Housing","Okanagan Métis & Aboriginal Housing Society (OMAHS)"
70570,"CMHA Kelowna / BC Housing","CMHA Kelowna"
70589,"Plavetic / MJP Homes Ltd","Plavetic"
70615,"SmartCentres REIT / SmartStop Self-Storage","SmartCentres REIT"
70617,"Boss Developments / Cube Project Management Ltd","Boss Developments"
70619,"Ho Goon Holdings Inc / Metropolitan Capital Partners","Ho Goon Holdings Inc"
70633,"Government of British Columbia / Royal BC Museum","Royal BC Museum"
70649,"Frame Properties / Shelbourne Dev Corp","Frame Properties"
70651,"McLash Development Ltd / 861-865 Esquimalt Road Holdings","McLash Development Ltd"
70674,"Townline / TL Housing Solutions","Townline"
70676,"TL Housing Solutions / Townline Housing","TL Housing Solutions"
70683,"Anthem Properties / Westbank First Nation","Westbank First Nation"
70687,"Weytk Communities Inc / Kerkhoff","Weytk Communities Inc"
70688,"Luxuira Developments / Cook St Properties Ltd","Luxuira Developments"
70768,"Greater Victoria Coalition to End Homelessness / Aryze Developments","Greater Victoria Coalition to End Homelessness"
70780,"BC Housing / CMHA Central Okanagan","CMHA Central Okanagan"
70807,"Jawl Properties / Concert Properties JV","Jawl Properties"
70883,"Vancouver School Board / City of Vancouver","Vancouver School Board"
70885,"City of Vancouver / Vancouver Board of Parks and Recreation","Vancouver Board of Parks and Recreation"
70895,"Oxford Properties Group / CPP Investments","Oxford Properties Group"
70899,"Westbank Corp / BC Housing","Westbank Corp"
70911,"Mount Pixel Projects / Westbank Corp.","Westbank Corp."
70914,"Westbank Corp / QuadReal Property Group","Westbank Corp"
70915,"Nch'kay Development Corporation / Westbank","Nch'kay Development Corporation"
70929,"Westbank Corp. / First Baptist Church","Westbank Corp."
70935,"Reliance Properties / Jim Pattison Developments","Reliance Properties"
70946,"Bensen Manufacturing / Danet Interiors","Bensen Manufacturing"
70969,"Intracorp / Inform","Intracorp"
70977,"Community Land Trust Foundation of BC / VAHA","Community Land Trust Foundation of BC"
70979,"Community Land Trust / Vancouver Affordable Housing Agency","Community Land Trust"
70992,"BC Housing / VAHA","Vancouver Affordable Housing Agency (VAHA)"
71000,"RainCity Housing and Support Society / BC Housing","RainCity Housing and Support Society"
71003,"MCC Legacy Trust / Pacific Centre for Discipleship (PCDA)","MCC Legacy Trust"
71006,"Beedie Group (owner) / MEC Mountain Equipment Company (tenant)","Beedie Group"
71010,"Tomo Spaces / Golden Properties Ltd.","Tomo Spaces"
71016,"Hines / PC Urban","Hines"
71036,"City of Burnaby / School District 41","School District 41"
71042,"Strand Development / Locarno","Strand Development"
71056,"Shared Services BC / Provincial Court of BC","Provincial Court of BC"
71102,"Blue Sky Properties / Bosa Properties","Blue Sky Properties"
71140,"Pangman Development Corporation / Maclab Development Group / John Day Developments","Pangman Development Corporation"
71153,"Alberta Infrastructure / Covenant Health","Covenant Health"
71181,"ONE Properties / REVOne Westmount LP","ONE Properties"
71192,"K-Days / Northlands Edmonton","Northlands Edmonton"
71196,"Francis Winspear Centre for Music / Edmonton Symphony Orchestra","Francis Winspear Centre for Music"
71320,"Squamish Nation / Hiyam Housing Society","Squamish Nation"
71329,"BC Housing / Connective Support Society","Connective Support Society"
71331,"BC Housing / Archway Community Services","Archway Community Services"
